{
  "nn.softmax": {
    "func_name": "tinykernel_softmax",
    "libpath": "/build/libdefault_codegen.so",
    "arg_fn": "generate_tinykernel_softmax_attrs",
    "cfile": "tinykernel_softmax.cpp",
    "headerfile": "tinykernel_softmax.h"
  },
  "qnn.quantize": {
    "func_name": "tinykernel_quantize",
    "libpath": "/build/libdefault_codegen.so",
    "arg_fn": "generate_tinykernel_quantize_attrs",
    "cfile": "tinykernel_quantize.cpp",
    "headerfile": "tinykernel_quantize.h"
  },
  "nn.max_pool2d": {
    "func_name": "tinykernel_maxpool",
    "libpath": "/build/libdefault_codegen.so",
    "arg_fn": "generate_tinykernel_maxpool_attrs",
    "cfile": "tinykernel_maxpool.cpp",
    "headerfile": "tinykernel_maxpool.h"
  },
  "nn.avg_pool2d": {
    "func_name": "tinykernel_avgpool",
    "libpath": "/build/libdefault_codegen.so",
    "arg_fn": "generate_tinykernel_avgpool_attrs",
    "cfile": "tinykernel_avgpool.cpp",
    "headerfile": "tinykernel_avgpool.h"
  },
  "qnn.dequantize": {
    "func_name": "tinykernel_dequantize",
    "libpath": "/build/libdefault_codegen.so",
    "arg_fn": "generate_tinykernel_dequantize_attrs",
    "cfile": "tinykernel_dequantize.cpp",
    "headerfile": "tinykernel_dequantize.h"
  },
  "reshape": {
    "func_name": "tinykernel_reshape",
    "libpath": "/build/libdefault_codegen.so",
    "arg_fn": "generate_tinykernel_reshape_attrs",
    "cfile": "tinykernel_reshape.cpp",
    "headerfile": "tinykernel_reshape.h"
  },
  "cast": {
    "func_name": "tinykernel_cast",
    "libpath": "/build/libdefault_codegen.so",
    "arg_fn": "generate_tinykernel_cast_attrs",
    "cfile": "tinykernel_cast.cpp",
    "headerfile": "tinykernel_cast.h"
  },
  "clip": {
    "func_name": "tinykernel_clip",
    "libpath": "/build/libdefault_codegen.so",
    "arg_fn": "generate_tinykernel_clip_attrs",
    "cfile": "tinykernel_clip.cpp",
    "headerfile": "tinykernel_clip.h"
  },
  "nn.batch_flatten": {
    "func_name": "tinykernel_reshape",
    "libpath": "/build/libdefault_codegen.so",
    "arg_fn": "generate_tinykernel_reshape_attrs",
    "cfile": "tinykernel_reshape.cpp",
    "headerfile": "tinykernel_reshape.h"
  },
  "tinykernel.qconv2d_bias_requant_uint8": {
    "libpath": "/build/libdefault_codegen.so",
    "kernelFn": "generate_tinykernel_fused_qconv2d_bias_requant_uint8_body",
    "cfile": "tinykernel_fused_qconv2d_bias_requant_uint8.cpp",
    "headerfile": "tinykernel_fused_qconv2d_bias_requant_uint8.h"
  },
  "tinykernel.qconv2d_bias_requant_int8": {
    "libpath": "/build/libdefault_codegen.so",
    "kernelFn": "generate_tinykernel_fused_qconv2d_bias_requant_int8_body",
    "cfile": "tinykernel_fused_qconv2d_bias_requant_int8.cpp",
    "headerfile": "tinykernel_fused_qconv2d_bias_requant_int8.h"
  },
  "tinykernel.dense_bias_requant": {
    "libpath": "/build/libdefault_codegen.so",
    "kernelFn": "generate_tinykernel_fused_dense_requant_body",
    "cfile": "tinykernel_fused_dense_requant.cpp",
    "headerfile": "tinykernel_fused_dense_requant.h"
  },
  "tinykernel.softmax_quant": {
    "libpath": "/build/libdefault_codegen.so",
    "kernelFn": "generate_tinykernel_fused_softmax_quant_body",
    "cfile": "tinykernel_fused_softmax_quant.cpp",
    "headerfile": "tinykernel_fused_softmax_quant.h"
  },
  "tinykernel.take_reshape_squeeze_batch_flatten": {
    "libpath": "/build/libdefault_codegen.so",
    "kernelFn": "generate_tinykernel_fused_take_reshape_squeeze_batch_flatten_body",
    "cfile": "tinykernel_splice.cpp",
    "headerfile": "tinykernel_splice.h"
  },
  "tinykernel.take_reshape_batch_flatten": {
    "libpath": "/build/libdefault_codegen.so",
    "kernelFn": "generate_tinykernel_fused_take_reshape_batch_flatten_body",
    "cfile": "tinykernel_splice.cpp",
    "headerfile": "tinykernel_splice.h"
  },
  "tinykernel.dense_bias_add_relu": {
    "libpath": "/build/libdefault_codegen.so",
    "kernelFn": "generate_tinykernel_fused_dense_bias_add_relu_body",
    "cfile": "tinykernel_gemm_relu.cpp",
    "headerfile": "tinykernel_gemm_relu.h"
  },
  "tinykernel.dense_bias_add": {
    "libpath": "/build/libdefault_codegen.so",
    "kernelFn": "generate_tinykernel_fused_dense_bias_add_body",
    "cfile": "tinykernel_gemm.cpp",
    "headerfile": "tinykernel_gemm.h"
  },
  "ConstructCodegenImpl": {
    "libpath": "/build/libdefault_codegen.so",
    "constructor": "ConstructCodegenImpl"
  }
}
